{
	"credit": "Made with Blockbench",
	"texture_size": [32, 32],
	"textures": {
		"0": "block/custom/cool_sunglasses",
		"particle": "block/custom/cool_sunglasses"
	},
	"elements": [
		{
			"from": [9, 9, 4],
			"to": [17, 11, 5],
			"rotation": {"angle": 0, "axis": "y", "origin": [8, 0, 8]},
			"faces": {
				"north": {"uv": [0, 2, 4, 3], "texture": "#0"},
				"east": {"uv": [3, 8, 3.5, 9], "texture": "#0"},
				"south": {"uv": [0, 3, 4, 4], "texture": "#0"},
				"west": {"uv": [3.5, 8, 4, 9], "texture": "#0"},
				"up": {"uv": [9, 5.5, 5, 5], "texture": "#0"},
				"down": {"uv": [9, 5.5, 5, 6], "texture": "#0"}
			}
		},
		{
			"from": [-3, 9, 4],
			"to": [5, 11, 5],
			"rotation": {"angle": 0, "axis": "y", "origin": [8, 0, 8]},
			"faces": {
				"north": {"uv": [0, 4, 4, 5], "texture": "#0"},
				"east": {"uv": [8, 8.5, 8.5, 9.5], "texture": "#0"},
				"south": {"uv": [4, 2, 8, 3], "texture": "#0"},
				"west": {"uv": [8.5, 8.5, 9, 9.5], "texture": "#0"},
				"up": {"uv": [9, 6.5, 5, 6], "texture": "#0"},
				"down": {"uv": [9, 6.5, 5, 7], "texture": "#0"}
			}
		},
		{
			"from": [-3, 11, 4],
			"to": [17, 12, 5],
			"faces": {
				"north": {"uv": [0, 0, 10, 0.5], "texture": "#0"},
				"east": {"uv": [1, 9, 1.5, 9.5], "texture": "#0"},
				"south": {"uv": [0, 0.5, 10, 1], "texture": "#0"},
				"west": {"uv": [1.5, 9, 2, 9.5], "texture": "#0"},
				"up": {"uv": [10, 1.5, 0, 1], "texture": "#0"},
				"down": {"uv": [10, 1.5, 0, 2], "texture": "#0"}
			}
		},
		{
			"from": [10, 8, 4],
			"to": [16, 9, 5],
			"faces": {
				"north": {"uv": [1, 5, 4, 5.5], "texture": "#0"},
				"east": {"uv": [2, 9, 2.5, 9.5], "texture": "#0"},
				"south": {"uv": [1, 5.5, 4, 6], "texture": "#0"},
				"west": {"uv": [2.5, 9, 3, 9.5], "texture": "#0"},
				"up": {"uv": [4, 6.5, 1, 6], "texture": "#0"},
				"down": {"uv": [4, 6.5, 1, 7], "texture": "#0"}
			}
		},
		{
			"from": [-2, 8, 4],
			"to": [4, 9, 5],
			"faces": {
				"north": {"uv": [1, 7, 4, 7.5], "texture": "#0"},
				"east": {"uv": [3, 9, 3.5, 9.5], "texture": "#0"},
				"south": {"uv": [5, 7, 8, 7.5], "texture": "#0"},
				"west": {"uv": [3.5, 9, 4, 9.5], "texture": "#0"},
				"up": {"uv": [4, 8, 1, 7.5], "texture": "#0"},
				"down": {"uv": [8, 7.5, 5, 8], "texture": "#0"}
			}
		},
		{
			"from": [11, 7, 4],
			"to": [15, 8, 5],
			"faces": {
				"north": {"uv": [1, 8, 3, 8.5], "texture": "#0"},
				"east": {"uv": [5, 9, 5.5, 9.5], "texture": "#0"},
				"south": {"uv": [8, 2, 10, 2.5], "texture": "#0"},
				"west": {"uv": [9, 5, 9.5, 5.5], "texture": "#0"},
				"up": {"uv": [10, 3, 8, 2.5], "texture": "#0"},
				"down": {"uv": [7, 8, 5, 8.5], "texture": "#0"}
			}
		},
		{
			"from": [-1, 7, 4],
			"to": [3, 8, 5],
			"faces": {
				"north": {"uv": [7, 8, 9, 8.5], "texture": "#0"},
				"east": {"uv": [5.5, 9, 6, 9.5], "texture": "#0"},
				"south": {"uv": [8, 7, 10, 7.5], "texture": "#0"},
				"west": {"uv": [9, 5.5, 9.5, 6], "texture": "#0"},
				"up": {"uv": [10, 8, 8, 7.5], "texture": "#0"},
				"down": {"uv": [3, 8.5, 1, 9], "texture": "#0"}
			}
		},
		{
			"from": [-3, 11, 5],
			"to": [-2, 12, 14],
			"faces": {
				"north": {"uv": [6, 9, 6.5, 9.5], "texture": "#0"},
				"east": {"uv": [4, 3, 8.5, 3.5], "texture": "#0"},
				"south": {"uv": [9, 6, 9.5, 6.5], "texture": "#0"},
				"west": {"uv": [4, 3.5, 8.5, 4], "texture": "#0"},
				"up": {"uv": [4.5, 8.5, 4, 4], "texture": "#0"},
				"down": {"uv": [5, 4, 4.5, 8.5], "texture": "#0"}
			}
		},
		{
			"from": [16, 11, 5],
			"to": [17, 12, 14],
			"faces": {
				"north": {"uv": [6.5, 9, 7, 9.5], "texture": "#0"},
				"east": {"uv": [5, 4, 9.5, 4.5], "texture": "#0"},
				"south": {"uv": [9, 6.5, 9.5, 7], "texture": "#0"},
				"west": {"uv": [5, 4.5, 9.5, 5], "texture": "#0"},
				"up": {"uv": [0.5, 9.5, 0, 5], "texture": "#0"},
				"down": {"uv": [1, 5, 0.5, 9.5], "texture": "#0"}
			}
		},
		{
			"from": [-3, 10, 12],
			"to": [-2, 11, 14],
			"faces": {
				"north": {"uv": [9, 8, 9.5, 8.5], "texture": "#0"},
				"east": {"uv": [8.5, 3, 9.5, 3.5], "texture": "#0"},
				"south": {"uv": [9, 8.5, 9.5, 9], "texture": "#0"},
				"west": {"uv": [8.5, 3.5, 9.5, 4], "texture": "#0"},
				"up": {"uv": [4.5, 9.5, 4, 8.5], "texture": "#0"},
				"down": {"uv": [5, 8.5, 4.5, 9.5], "texture": "#0"}
			}
		},
		{
			"from": [16, 10, 12],
			"to": [17, 11, 14],
			"faces": {
				"north": {"uv": [9, 9, 9.5, 9.5], "texture": "#0"},
				"east": {"uv": [5, 8.5, 6, 9], "texture": "#0"},
				"south": {"uv": [0, 9.5, 0.5, 10], "texture": "#0"},
				"west": {"uv": [6, 8.5, 7, 9], "texture": "#0"},
				"up": {"uv": [7.5, 9.5, 7, 8.5], "texture": "#0"},
				"down": {"uv": [8, 8.5, 7.5, 9.5], "texture": "#0"}
			}
		}
	],
	"display": {
		"thirdperson_righthand": {
			"rotation": [40, -3, 0],
			"translation": [3.5, -1, -1],
			"scale": [0.3, 0.3, 0.3]
		},
		"thirdperson_lefthand": {
			"rotation": [40, -3, 0],
			"translation": [3.5, -1, -1],
			"scale": [0.3, 0.3, 0.3]
		},
		"firstperson_righthand": {
			"scale": [0.5, 0.5, 0.5]
		},
		"firstperson_lefthand": {
			"scale": [0.5, 0.5, 0.5]
		},
		"ground": {
			"scale": [0.5, 0.5, 0.5]
		},
		"gui": {
			"translation": [0.75, -1.5, 0],
			"scale": [0.8, 0.8, 0.8]
		},
		"head": {
			"translation": [0.75, -2, -4.25],
			"scale": [0.8, 0.8, 0.8]
		},
		"fixed": {
			"translation": [1, 0, 2.75]
		}
	}
}