{
	"credit": "Made with Blockbench",
	"texture_size": [64, 64],
	"textures": {
		"0": "block/custom/rick",
		"particle": "block/custom/rick"
	},
	"elements": [
		{
			"from": [4, 1.5, 1],
			"to": [12, 7.5, 15],
			"faces": {
				"north": {"uv": [4, 3, 6, 4.5], "texture": "#0"},
				"east": {"uv": [4, 0, 7.5, 1.5], "texture": "#0"},
				"south": {"uv": [4, 4.5, 6, 6], "texture": "#0"},
				"west": {"uv": [4, 1.5, 7.5, 3], "texture": "#0"},
				"up": {"uv": [2, 3.5, 0, 0], "texture": "#0"},
				"down": {"uv": [4, 0, 2, 3.5], "texture": "#0"}
			}
		},
		{
			"from": [4.5, 0, 4],
			"to": [6, 1.5, 4.2],
			"faces": {
				"north": {"uv": [0.5, 6.5, 1, 7], "texture": "#0"},
				"east": {"uv": [5.25, 6.5, 5.5, 7], "texture": "#0"},
				"south": {"uv": [1, 6.5, 1.5, 7], "texture": "#0"},
				"west": {"uv": [6.5, 5.25, 6.75, 5.75], "texture": "#0"},
				"up": {"uv": [6, 6.75, 5.5, 6.5], "texture": "#0"},
				"down": {"uv": [7, 5.75, 6.5, 6], "texture": "#0"}
			}
		},
		{
			"from": [10, 0, 12],
			"to": [11.5, 1.5, 12.2],
			"faces": {
				"north": {"uv": [1.5, 6.5, 2, 7], "texture": "#0"},
				"east": {"uv": [6.5, 6, 6.75, 6.5], "texture": "#0"},
				"south": {"uv": [2, 6.5, 2.5, 7], "texture": "#0"},
				"west": {"uv": [6.5, 6.5, 6.75, 7], "texture": "#0"},
				"up": {"uv": [7.25, 4.75, 6.75, 4.5], "texture": "#0"},
				"down": {"uv": [7.25, 4.75, 6.75, 5], "texture": "#0"}
			}
		},
		{
			"from": [10, 0, 4],
			"to": [11.5, 1.5, 4.2],
			"faces": {
				"north": {"uv": [2.5, 6.5, 3, 7], "texture": "#0"},
				"east": {"uv": [6.75, 5, 7, 5.5], "texture": "#0"},
				"south": {"uv": [3, 6.5, 3.5, 7], "texture": "#0"},
				"west": {"uv": [5.5, 6.75, 5.75, 7.25], "texture": "#0"},
				"up": {"uv": [7.25, 5.75, 6.75, 5.5], "texture": "#0"},
				"down": {"uv": [6.25, 6.75, 5.75, 7], "texture": "#0"}
			}
		},
		{
			"from": [4.5, 0, 12],
			"to": [6, 1.5, 12.2],
			"faces": {
				"north": {"uv": [3.5, 6.5, 4, 7], "texture": "#0"},
				"east": {"uv": [6.75, 6, 7, 6.5], "texture": "#0"},
				"south": {"uv": [4, 6.5, 4.5, 7], "texture": "#0"},
				"west": {"uv": [6.25, 6.75, 6.5, 7.25], "texture": "#0"},
				"up": {"uv": [7.25, 6.75, 6.75, 6.5], "texture": "#0"},
				"down": {"uv": [7.25, 6.75, 6.75, 7], "texture": "#0"}
			}
		},
		{
			"from": [4.5, 0, 3],
			"to": [6, 0.2, 4],
			"faces": {
				"north": {"uv": [0, 7.25, 0.5, 7.5], "texture": "#0"},
				"east": {"uv": [3.25, 7.25, 3.5, 7.5], "texture": "#0"},
				"south": {"uv": [0.5, 7.25, 1, 7.5], "texture": "#0"},
				"west": {"uv": [3.5, 7.25, 3.75, 7.5], "texture": "#0"},
				"up": {"uv": [1.5, 7.5, 1, 7.25], "texture": "#0"},
				"down": {"uv": [2, 7.25, 1.5, 7.5], "texture": "#0"}
			}
		},
		{
			"from": [10, 0, 11],
			"to": [11.5, 0.2, 12],
			"faces": {
				"north": {"uv": [0.5, 7, 1, 7.25], "texture": "#0"},
				"east": {"uv": [5.25, 7, 5.5, 7.25], "texture": "#0"},
				"south": {"uv": [1, 7, 1.5, 7.25], "texture": "#0"},
				"west": {"uv": [2, 7.25, 2.25, 7.5], "texture": "#0"},
				"up": {"uv": [2, 7.25, 1.5, 7], "texture": "#0"},
				"down": {"uv": [2.5, 7, 2, 7.25], "texture": "#0"}
			}
		},
		{
			"from": [10, 0, 3],
			"to": [11.5, 0.2, 4],
			"faces": {
				"north": {"uv": [2.5, 7, 3, 7.25], "texture": "#0"},
				"east": {"uv": [2.25, 7.25, 2.5, 7.5], "texture": "#0"},
				"south": {"uv": [3, 7, 3.5, 7.25], "texture": "#0"},
				"west": {"uv": [2.5, 7.25, 2.75, 7.5], "texture": "#0"},
				"up": {"uv": [4, 7.25, 3.5, 7], "texture": "#0"},
				"down": {"uv": [4.5, 7, 4, 7.25], "texture": "#0"}
			}
		},
		{
			"from": [4.5, 0, 11],
			"to": [6, 0.2, 12],
			"faces": {
				"north": {"uv": [7, 5, 7.5, 5.25], "texture": "#0"},
				"east": {"uv": [2.75, 7.25, 3, 7.5], "texture": "#0"},
				"south": {"uv": [7, 5.25, 7.5, 5.5], "texture": "#0"},
				"west": {"uv": [3, 7.25, 3.25, 7.5], "texture": "#0"},
				"up": {"uv": [6.25, 7.25, 5.75, 7], "texture": "#0"},
				"down": {"uv": [7.5, 5.75, 7, 6], "texture": "#0"}
			}
		},
		{
			"name": "top",
			"from": [4, 7.5, 3],
			"to": [12, 9.5, 15],
			"faces": {
				"north": {"uv": [4, 6, 6, 6.5], "texture": "#0"},
				"east": {"uv": [6, 3, 9, 3.5], "texture": "#0"},
				"south": {"uv": [6, 4, 8, 4.5], "texture": "#0"},
				"west": {"uv": [6, 3.5, 9, 4], "texture": "#0"},
				"up": {"uv": [2, 6.5, 0, 3.5], "texture": "#0"},
				"down": {"uv": [4, 3.5, 2, 6.5], "texture": "#0"}
			}
		},
		{
			"from": [2, 4.5, 6.5],
			"to": [4, 7, 6.6],
			"rotation": {"angle": -22.5, "axis": "x", "origin": [2, 7.25, 4.05]},
			"faces": {
				"north": {"uv": [6, 4.5, 6.5, 5.25], "texture": "#0"},
				"east": {"uv": [4.5, 6.5, 4.75, 7.25], "texture": "#0"},
				"south": {"uv": [6, 5.25, 6.5, 6], "texture": "#0"},
				"west": {"uv": [6.5, 4.5, 6.75, 5.25], "texture": "#0"},
				"up": {"uv": [7.5, 6.25, 7, 6], "texture": "#0"},
				"down": {"uv": [7.5, 6.25, 7, 6.5], "texture": "#0"}
			}
		},
		{
			"from": [12, 4.5, 6.5],
			"to": [14, 7, 6.6],
			"rotation": {"angle": -22.5, "axis": "x", "origin": [2, 7.25, 4.05]},
			"faces": {
				"north": {"uv": [6, 6, 6.5, 6.75], "texture": "#0"},
				"east": {"uv": [4.75, 6.5, 5, 7.25], "texture": "#0"},
				"south": {"uv": [0, 6.5, 0.5, 7.25], "texture": "#0"},
				"west": {"uv": [5, 6.5, 5.25, 7.25], "texture": "#0"},
				"up": {"uv": [7, 7.25, 6.5, 7], "texture": "#0"},
				"down": {"uv": [7.5, 7, 7, 7.25], "texture": "#0"}
			}
		}
	],
	"display": {
		"thirdperson_righthand": {
			"rotation": [90, 0, 0],
			"translation": [0.5, -2, 16],
			"scale": [0.5, 0.5, 0.5]
		},
		"thirdperson_lefthand": {
			"rotation": [90, 0, 0],
			"translation": [0.5, -2, 16],
			"scale": [0.5, 0.5, 0.5]
		},
		"firstperson_righthand": {
			"rotation": [-4, 9, 0],
			"translation": [-2, 8.25, 8.25],
			"scale": [0.5, 0.5, 0.5]
		},
		"firstperson_lefthand": {
			"rotation": [-4, 9, 0],
			"translation": [-2, 8.25, 8.25],
			"scale": [0.5, 0.5, 0.5]
		},
		"ground": {
			"translation": [36, 8, 0]
		},
		"gui": {
			"rotation": [15, 129, 0],
			"translation": [0.25, 2.75, 0]
		},
		"head": {
			"translation": [0, 14, -0.75]
		},
		"fixed": {
			"rotation": [-90, 42, 0],
			"translation": [0, 0, -12],
			"scale": [1.5, 1.5, 1.5]
		}
	}
}